[{"id":"user-image-MENU.png","publicUrl":"np://user.desktop.nicepage.com/Site_698810188/images/MENU.png","size":55431,"fileName":"MENU.png","name":"MENU","width":2800,"height":1968,"thumbnail":{"url":"np://user.desktop.nicepage.com/Site_698810188/images/thumbnails/MENU.png","width":250,"height":176}},{"id":"user-image-Controls1.png","publicUrl":"np://user.desktop.nicepage.com/Site_698810188/images/Controls1.png","size":30508,"fileName":"Controls1.png","name":"Controls1","width":1920,"height":1080,"thumbnail":{"url":"np://user.desktop.nicepage.com/Site_698810188/images/thumbnails/Controls1.png","width":250,"height":141}},{"id":"user-image-Controls2.png","publicUrl":"np://user.desktop.nicepage.com/Site_698810188/images/Controls2.png","size":28967,"fileName":"Controls2.png","name":"Controls2","width":1920,"height":1080,"thumbnail":{"url":"np://user.desktop.nicepage.com/Site_698810188/images/thumbnails/Controls2.png","width":250,"height":141}},{"id":"user-image-Borders1.png","publicUrl":"np://user.desktop.nicepage.com/Site_698810188/images/Borders1.png","size":285932,"fileName":"Borders1.png","name":"Borders1","width":1920,"height":1080,"thumbnail":{"url":"np://user.desktop.nicepage.com/Site_698810188/images/thumbnails/Borders1.png","width":250,"height":141}},{"id":"user-image-Borders2.png","publicUrl":"np://user.desktop.nicepage.com/Site_698810188/images/Borders2.png","size":435336,"fileName":"Borders2.png","name":"Borders2","width":1920,"height":1080,"thumbnail":{"url":"np://user.desktop.nicepage.com/Site_698810188/images/thumbnails/Borders2.png","width":250,"height":141}},{"id":"user-image-Nice1.png","publicUrl":"np://user.desktop.nicepage.com/Site_698810188/images/Nice1.png","size":18536,"fileName":"Nice1.png","name":"Nice1","width":608,"height":688,"thumbnail":{"url":"np://user.desktop.nicepage.com/Site_698810188/images/thumbnails/Nice1.png","width":221,"height":250}},{"id":"user-image-Bro.png","publicUrl":"np://user.desktop.nicepage.com/Site_698810188/images/Bro.png","size":19013,"fileName":"Bro.png","name":"Bro","width":608,"height":688,"thumbnail":{"url":"np://user.desktop.nicepage.com/Site_698810188/images/thumbnails/Bro.png","width":221,"height":250}},{"id":"user-image-Ribbit.png","publicUrl":"np://user.desktop.nicepage.com/Site_698810188/images/Ribbit.png","size":1738,"fileName":"Ribbit.png","name":"Ribbit","width":200,"height":200,"thumbnail":{"url":"np://user.desktop.nicepage.com/Site_698810188/images/thumbnails/Ribbit.png","width":200,"height":200,"length":1738,"type":"png"}},{"id":"user-image-Deltatranslate1.png","publicUrl":"np://user.desktop.nicepage.com/Site_698810188/images/Deltatranslate1.png","size":69624,"fileName":"Deltatranslate1.png","name":"Deltatranslate1","width":540,"height":540,"thumbnail":{"url":"np://user.desktop.nicepage.com/Site_698810188/images/thumbnails/Deltatranslate1.png","width":250,"height":250}},{"id":"user-image-RibbitTumb.png","publicUrl":"np://user.desktop.nicepage.com/Site_698810188/images/RibbitTumb.png","size":18638,"fileName":"RibbitTumb.png","name":"RibbitTumb","width":1286,"height":1136,"thumbnail":{"url":"np://user.desktop.nicepage.com/Site_698810188/images/thumbnails/RibbitTumb.png","width":250,"height":221}},{"id":"user-image-DeltaTranslateTumb.png","publicUrl":"np://user.desktop.nicepage.com/Site_698810188/images/DeltaTranslateTumb.png","size":271283,"fileName":"DeltaTranslateTumb.png","name":"DeltaTranslateTumb","width":1146,"height":645,"thumbnail":{"url":"np://user.desktop.nicepage.com/Site_698810188/images/thumbnails/DeltaTranslateTumb.png","width":250,"height":141}},{"id":"user-image-ChubbyCinnamon.png","publicUrl":"np://user.desktop.nicepage.com/Site_698810188/images/ChubbyCinnamon.png","size":3386,"fileName":"ChubbyCinnamon.png","name":"ChubbyCinnamon","width":188,"height":188,"thumbnail":{"url":"np://user.desktop.nicepage.com/Site_698810188/images/thumbnails/ChubbyCinnamon.png","width":188,"height":188,"length":3386,"type":"png"}}]